measure,mean,sd
framewise_displacement,0.00000126290484970416,0.0550145795794966
std_dvars,0.00000190242075892845,0.0684829663303496
